{"cameraMode":{"drawMode":0,"name":"Shaded","section":"Shading Mode"},"sceneLighting":true,"audioPlay":false,"sceneViewState":{"showFog":true,"showMaterialUpdate":false,"showSkybox":true,"showFlares":true,"showImageEffects":true,"showParticleSystems":true},"in2DMode":false,"pivot":{"x":0.08596372604370117,"y":8.400142669677735,"z":-0.8526992797851563},"rotation":{"x":0.5090466141700745,"y":-0.07596967369318009,"z":0.045171432197093967,"w":0.8561959266662598},"size":10.314775466918946,"orthographic":true}