{"cameraMode":{"drawMode":0,"name":"Shaded","section":"Shading Mode"},"sceneLighting":true,"audioPlay":false,"sceneViewState":{"showFog":true,"showMaterialUpdate":false,"showSkybox":true,"showFlares":true,"showImageEffects":true,"showParticleSystems":true},"in2DMode":false,"pivot":{"x":-2.386690139770508,"y":8.415924072265625,"z":-0.8190083503723145},"rotation":{"x":0.6634330153465271,"y":0.002246070886030793,"z":-0.0019890479743480684,"w":0.7482333183288574},"size":10.800811767578125,"orthographic":true}